,object_id,weekday_2023,weekday_2022,weekday_2021,weekday_2020,weekday_2019,weekday_2018,weekday_2017,location_code,wkt_lng_lat,wkt_lat_lng,longitude,latitude,geometry
0,1,0,0,0,0,724,0,569,VRA01_0001,POINT(5.1353 52.32418),POINT(52.32418 5.1353),5.1353,52.32418,POINT (137826.493779814 481833.9483988528)
1,2,2365,2736,1279,1764,2398,2521,2187,VRA01_0002,POINT(5.023534 52.302822),POINT(52.302822 5.023534),5.023534,52.302822,POINT (130194.991803014 479489.9450488187)
2,3,634,673,546,442,590,775,547,VRA01_0003,POINT(5.011511 52.332756),POINT(52.332756 5.011511),5.011511,52.332756,POINT (129392.1958390547 482824.6607999831)
3,4,723,716,476,0,388,563,359,VRA01_0004,POINT(5.01383 52.340321),POINT(52.340321 5.01383),5.01383,52.340321,POINT (129554.5962632408 483665.549085776)
4,5,597,532,517,0,466,497,0,VRA01_0005,POINT(4.987085 52.33948),POINT(52.33948 4.987085),4.987085,52.33948,POINT (127731.4239688378 483581.7005233628)
5,6,8114,9356,7164,0,7636,0,6481,VRA01_0008,POINT(4.965429 52.356421),POINT(52.356421 4.965429),4.965429,52.356421,POINT (126266.5218101288 485474.9734201851)
6,7,3203,3739,3187,0,3198,3249,2827,VRA01_0009,POINT(4.962548 52.370277),POINT(52.370277 4.962548),4.962548,52.370277,POINT (126079.2874786342 487017.7840218948)
7,8,3192,3789,3193,0,3215,3159,2848,VRA01_0010,POINT(4.962151 52.370316),POINT(52.370316 4.962151),4.962151,52.370316,POINT (126052.2759310905 487022.2817867866)
8,9,375,779,648,0,651,0,0,VRA01_0011,POINT(4.975172 52.383457),POINT(52.383457 4.975172),4.975172,52.383457,POINT (126947.3604972179 488479.2772421259)
9,10,0,681,483,0,868,922,0,VRA01_0012,POINT(4.975987 52.383745),POINT(52.383745 4.975987),4.975987,52.383745,POINT (127003.0300255791 488511.0060748968)
10,11,3822,4171,3967,0,4110,4008,0,VRA01_0013,POINT(4.954126 52.344411),POINT(52.344411 4.954126),4.954126,52.344411,POINT (125488.5264840621 484143.2456494461)
11,12,4011,3258,3039,0,3967,3878,3517,VRA01_0014,POINT(4.943703 52.336586),POINT(52.336586 4.943703),4.943703,52.336586,POINT (124772.946108064 483276.9094665941)
12,13,6177,5551,5032,0,6899,6733,6026,VRA01_0015,POINT(4.946133 52.335177),POINT(52.335177 4.946133),4.946133,52.335177,POINT (124937.6087514315 483119.1299940787)
13,14,276,640,671,0,1018,1164,0,VRA01_0016,POINT(4.93239 52.334127),POINT(52.334127 4.93239),4.93239,52.334127,POINT (124000.1931568577 483008.0922860918)
14,15,0,0,0,0,2319,2312,2408,VRA01_0017,POINT(4.923148 52.336497),POINT(52.336497 4.923148),4.923148,52.336497,POINT (123371.9590711361 483275.776545928)
15,16,6410,6239,5192,0,3060,3468,3241,VRA01_0018,POINT(4.922871 52.33644),POINT(52.33644 4.922871),4.922871,52.33644,POINT (123353.0395194885 483269.5554763105)
16,17,13811,12730,12915,0,15931,17204,15985,VRA01_0019,POINT(4.915084 52.34565),POINT(52.34565 4.915084),4.915084,52.34565,POINT (122828.9902817023 484297.7112576821)
17,18,1761,2240,1380,0,2250,2431,2312,VRA01_0020,POINT(4.939441 52.329604),POINT(52.329604 4.939441),4.939441,52.329604,POINT (124477.6716553688 482501.8602969845)
18,19,561,713,650,0,1180,0,947,VRA01_0021,POINT(4.92993 52.319723),POINT(52.319723 4.92993),4.92993,52.319723,POINT (123822.4142064304 481406.5247910973)
19,20,5951,5208,4824,0,6650,8152,5947,VRA01_0022,POINT(4.929527 52.319623),POINT(52.319623 4.929527),4.929527,52.319623,POINT (123794.8671225975 481395.5719566335)
20,21,2298,3879,2869,0,4442,4413,0,VRA01_0023,POINT(4.917127 52.324168),POINT(52.324168 4.917127),4.917127,52.324168,POINT (122952.7030251297 481906.667719314)
21,22,5994,6427,4517,0,6544,6003,5515,VRA01_0024,POINT(4.896576 52.333144),POINT(52.333144 4.896576),4.896576,52.333144,POINT (121558.4215402212 482914.6396278319)
22,23,1838,1405,1223,0,0,0,1416,VRA01_0027,POINT(4.871724 52.314241),POINT(52.314241 4.871724),4.871724,52.314241,POINT (119849.5553836477 480823.212535102)
23,24,1870,1561,1281,0,0,0,1432,VRA01_0028,POINT(4.871182 52.314064),POINT(52.314064 4.871182),4.871182,52.314064,POINT (119812.4568201745 480803.7821492327)
24,25,3001,2061,1813,0,0,1842,2213,VRA01_0029,POINT(4.868456 52.297196),POINT(52.297196 4.868456),4.868456,52.297196,POINT (119613.1451914026 478928.3513206604)
25,26,3303,1905,1581,0,0,1567,1777,VRA01_0030,POINT(4.867901 52.29729),POINT(52.29729 4.867901),4.867901,52.29729,POINT (119575.3607340672 478939.0808830484)
26,27,0,0,0,820,1536,1400,1212,VRA01_0032,POINT(4.813186 52.312098),POINT(52.312098 4.813186),4.813186,52.312098,POINT (115856.0328848485 480614.773252139)
27,28,2106,2312,1929,0,2324,2359,2084,VRA01_0033,POINT(4.85579 52.31823),POINT(52.31823 4.85579),4.85579,52.31823,POINT (118766.2870255007 481274.8795971734)
28,29,842,887,0,0,1101,0,0,VRA01_0034,POINT(4.846862 52.396076),POINT(52.396076 4.846862),4.846862,52.396076,POINT (118222.1255458814 489940.7092930233)
29,30,1030,1260,0,0,1096,0,0,VRA01_0035,POINT(4.83708 52.40452),POINT(52.40452 4.83708),4.83708,52.40452,POINT (117563.4655330813 490885.2262565984)
30,31,1383,1688,0,0,1232,1154,1170,VRA01_0036,POINT(4.882799 52.411288),POINT(52.411288 4.882799),4.882799,52.411288,POINT (120679.8962593554 491615.6187547201)
31,32,2640,3264,0,0,3399,3399,3243,VRA01_0038,POINT(4.827153 52.426905),POINT(52.426905 4.827153),4.827153,52.426905,POINT (116907.1861192847 493381.0359333426)
32,33,2693,2819,0,0,3749,3664,3427,VRA01_0041,POINT(4.81106 52.44469),POINT(52.44469 4.81106),4.81106,52.44469,POINT (115828.3496832307 495368.4476636701)
33,34,2620,2989,0,0,3722,3254,3177,VRA01_0042,POINT(4.81035 52.44486),POINT(52.44486 4.81035),4.81035,52.44486,POINT (115780.2286546904 495387.7467581712)
34,35,2821,3376,0,0,3443,3261,3132,VRA01_0043,POINT(4.805132 52.471531),POINT(52.471531 4.805132),4.805132,52.471531,POINT (115449.3169915289 498358.1162972866)
35,36,1095,1312,0,0,1486,1427,1415,VRA01_0044,POINT(4.789621 52.490396),POINT(52.490396 4.789621),4.789621,52.490396,POINT (114412.7137077771 500465.7099311779)
36,37,1859,2422,0,1693,2414,2232,2146,VRA01_0045,POINT(4.789564 52.490227),POINT(52.490227 4.789564),4.789564,52.490227,POINT (114408.6871863036 500446.9380994056)
37,38,320,312,0,0,309,0,0,VRA01_0047,POINT(4.948419 52.486074),POINT(52.486074 4.948419),4.948419,52.486074,POINT (125195.0907948934 499907.6378341916)
38,39,5293,6413,0,0,0,5898,5786,VRA01_0048,POINT(4.943888 52.507617),POINT(52.507617 4.943888),4.943888,52.507617,POINT (124901.9958226934 502306.5230754883)
39,40,1514,1784,0,0,1302,1592,1429,VRA01_0051,POINT(4.946537 52.511944),POINT(52.511944 4.946537),4.946537,52.511944,POINT (125084.7722788097 502786.8761919442)
40,41,2117,2503,0,0,2107,2324,1968,VRA01_0052,POINT(4.946412 52.511894),POINT(52.511894 4.946412),4.946412,52.511894,POINT (125076.2527195296 502781.3645068588)
41,42,1753,2186,0,0,1963,1835,1960,VRA01_0055,POINT(4.804113 52.247986),POINT(52.247986 4.804113),4.804113,52.247986,POINT (115179.9687048312 473486.5877586281)
42,43,1787,1935,0,0,1806,1586,0,VRA01_0056,POINT(4.778355 52.254663),POINT(52.254663 4.778355),4.778355,52.254663,POINT (113427.1861150973 474243.9216177784)
43,44,3138,3569,0,0,3446,3602,0,VRA01_0057,POINT(4.75117 52.27383),POINT(52.27383 4.75117),4.75117,52.27383,POINT (111589.7030265018 476392.3640087869)
44,45,1385,1434,0,0,1767,1700,1441,VRA01_0058,POINT(4.729711 52.285747),POINT(52.285747 4.729711),4.729711,52.285747,POINT (110137.143385646 477731.308235638)
45,46,0,0,0,0,1033,1160,1022,VRA01_0059,POINT(4.727688 52.28785),POINT(52.28785 4.727688),4.727688,52.28785,POINT (110001.2385277439 477966.5411583273)
46,47,1919,1887,0,0,2149,2335,2263,VRA01_0060,POINT(4.723987 52.288848),POINT(52.288848 4.723987),4.723987,52.288848,POINT (109749.7399612578 478079.8817372995)
47,48,0,0,778,0,1212,1245,1234,VRA01_0062,POINT(4.759285 52.320232),POINT(52.320232 4.759285),4.759285,52.320232,POINT (112188.2668871097 481550.2373394729)
48,49,792,894,423,541,1091,849,875,VRA01_0064,POINT(4.784229 52.328836),POINT(52.328836 4.784229),4.784229,52.328836,POINT (113896.8918549324 482493.0894899867)
49,50,718,719,0,432,651,560,0,VRA01_0067,POINT(4.688053 52.37062),POINT(52.37062 4.688053),4.688053,52.37062,POINT (107385.826350576 487200.8927670863)
50,51,2188,2744,0,1953,2744,2695,0,VRA01_0068,POINT(4.64682 52.33026),POINT(52.33026 4.64682),4.64682,52.33026,POINT (104531.9344991211 482738.318118588)
51,52,343,412,0,0,754,0,60,VRA01_0070,POINT(4.890289 52.484786),POINT(52.484786 4.890289),4.890289,52.484786,POINT (121245.6166520338 499789.8367799013)
52,53,0,0,0,0,2240,2610,0,VRA01_0072,POINT(5.169485 52.357303),POINT(52.357303 5.169485),5.169485,52.357303,POINT (140168.1074309995 485511.7937953874)
53,54,0,0,0,0,3156,3180,0,VRA01_0073,POINT(5.21392 52.374019),POINT(52.374019 5.21392),5.21392,52.374019,POINT (143199.6340669773 487363.5301991128)
54,55,0,0,0,0,4114,3955,0,VRA01_0074,POINT(5.261798 52.381475),POINT(52.381475 5.261798),5.261798,52.381475,POINT (146461.4754844222 488186.4074271134)
55,56,5091,5327,5403,0,5103,4668,4116,VRA01_0075,POINT(4.850711 52.30803),POINT(52.30803 4.850711),4.850711,52.30803,POINT (118411.5889708897 480142.5636345588)
56,57,832,915,823,0,1219,1203,0,VRA01_0076,POINT(4.838 52.30468),POINT(52.30468 4.838),4.838,52.30468,POINT (117541.8966656865 479776.329363044)
57,58,791,864,816,0,786,0,0,VRA01_0077,POINT(4.851744 52.30056),POINT(52.30056 4.851744),4.851744,52.30056,POINT (118475.8997345869 479310.9213214846)
58,59,5783,5667,2748,0,2631,5412,4827,VRA01_0080,POINT(4.899675 52.298858),POINT(52.298858 4.899675),4.899675,52.298858,POINT (121743.9970123495 479098.4903617888)
59,60,1463,1546,931,804,530,1872,0,VRA01_0081,POINT(4.92007 52.30387),POINT(52.30387 4.92007),4.92007,52.30387,POINT (123138.7877596638 479646.9755443513)
60,61,997,1037,736,0,2319,1089,0,VRA01_0082,POINT(4.920367 52.30367),POINT(52.30367 4.920367),4.920367,52.30367,POINT (123158.9013887191 479624.5927293235)
61,62,935,966,856,0,916,878,765,VRA01_0083,POINT(4.945969 52.293325),POINT(52.293325 4.945969),4.945969,52.293325,POINT (124898.0925131531 478462.6548568154)
62,63,1565,1691,0,0,1731,0,0,VRA01_0084,POINT(4.634073 52.279506),POINT(52.279506 4.634073),4.634073,52.279506,POINT (103604.3967972061 477100.4211340169)
63,64,236,231,0,0,256,0,0,VRA01_0085,POINT(4.610413 52.262949),POINT(52.262949 4.610413),4.610413,52.262949,POINT (101970.085665797 475275.3531238551)
64,65,1911,1712,0,0,1749,0,0,VRA01_0086,POINT(4.57256 52.254876),POINT(52.254876 4.57256),4.57256,52.254876,POINT (99375.92329621012 474405.5270559154)
65,66,1081,1482,0,0,990,968,803,VRA01_0087,POINT(4.82485 52.41278),POINT(52.41278 4.82485),4.82485,52.41278,POINT (116738.3464833045 491810.6509489465)
66,67,914,1327,0,0,1276,721,192,VRA01_0088,POINT(4.75976 52.3873),POINT(52.3873 4.75976),4.75976,52.3873,POINT (112285.254437858 489012.0455147095)
67,68,1765,2192,0,0,1652,1437,1053,VRA01_0089,POINT(4.87323 52.42279),POINT(52.42279 4.87323),4.87323,52.42279,POINT (120037.9013420207 492899.9522213739)
68,69,481,595,0,0,601,594,665,VRA01_0090,POINT(4.86731 52.431129),POINT(52.431129 4.86731),4.86731,52.431129,POINT (119641.8685028875 493830.6570832093)
69,70,1940,2480,0,1660,2400,2035,1724,VRA01_0091,POINT(4.776886 52.493749),POINT(52.493749 4.776886),4.776886,52.493749,POINT (113550.9241441137 500845.9955024537)
70,71,3586,4271,0,0,4942,4603,4255,VRA01_0092,POINT(4.77737 52.49705),POINT(52.49705 4.77737),4.77737,52.49705,POINT (113586.8873270125 501213.0043272257)
71,72,738,564,586,0,845,883,917,VRA01_0093,POINT(4.75954 52.32049),POINT(52.32049 4.75954),4.75954,52.32049,POINT (112205.9011123273 481578.7920608729)
72,73,0,0,269,0,438,485,380,VRA01_0094,POINT(4.75984 52.32027),POINT(52.32027 4.75984),4.75984,52.32027,POINT (112226.1428996751 481554.137629185)
73,74,869,836,0,0,725,681,0,VRA01_0095,POINT(4.71141 52.36798),POINT(52.36798 4.71141),4.71141,52.36798,POINT (108973.7317760284 486892.0721214467)
74,75,263,355,0,0,323,308,0,VRA01_0096,POINT(4.70927 52.36807),POINT(52.36807 4.70927),4.70927,52.36807,POINT (108828.0796155806 486903.4469740383)
75,76,1265,1475,1133,0,1187,1135,0,VRA01_0097,POINT(4.961548 52.288417),POINT(52.288417 4.961548),4.961548,52.288417,POINT (125957.7080175814 477910.2293223408)
76,77,693,665,590,0,834,876,742,VRA01_0098,POINT(4.76862 52.33029),POINT(52.33029 4.76862),4.76862,52.33029,POINT (112834.2689010506 482663.8283861119)
77,78,1481,1407,1360,0,1543,1582,1251,VRA01_0099,POINT(4.84581 52.33634),POINT(52.33634 4.84581),4.84581,52.33634,POINT (118100.8721836084 483294.863697433)
78,79,1879,2066,0,0,2182,2299,2063,VRA01_0100,POINT(4.708081 52.297222),POINT(52.297222 4.708081),4.708081,52.297222,POINT (108673.247349344 479021.6163387507)
79,80,367,331,0,0,412,357,333,VRA01_0101,POINT(4.67622 52.3156),POINT(52.3156 4.67622),4.67622,52.3156,POINT (106519.9326066092 481087.1825230052)
80,81,0,0,0,0,0,0,1347,VRA01_0102,POINT(4.79299 52.50041),POINT(52.50041 4.79299),4.79299,52.50041,POINT (114650.6730945552 501578.0360067363)
81,82,536,814,0,0,840,840,725,VRA01_0103,POINT(4.72575 52.43532),POINT(52.43532 4.72575),4.72575,52.43532,POINT (110018.7699934212 494375.4636585069)
82,83,1458,1724,1308,0,1215,1241,1119,VRA01_0104,POINT(4.99849 52.34135),POINT(52.34135 4.99849),4.99849,52.34135,POINT (128509.7979794258 483785.5335963764)
83,84,297,275,201,0,139,148,0,VRA01_0105,POINT(5.000452 52.334756),POINT(52.334756 5.000452),5.000452,52.334756,POINT (128639.5900055402 483051.1502967083)
84,85,9993,8971,5731,0,10750,10958,9758,VRA01_0106,POINT(4.943271 52.337035),POINT(52.337035 4.943271),4.943271,52.337035,POINT (124743.8091112021 483327.046597485)
85,86,0,0,0,0,0,0,1158,VRA01_0107,POINT(4.94823 52.30977),POINT(52.30977 4.94823),4.94823,52.30977,POINT (125063.4180303417 480291.4203452684)
86,87,0,1874,1530,0,2196,2143,1730,VRA01_0108,POINT(4.93437 52.31789),POINT(52.31789 4.93437),4.93437,52.31789,POINT (124123.8629962311 481200.6811667332)
87,88,1891,2384,0,0,2192,2167,0,VRA01_0109,POINT(4.8541 52.43611),POINT(52.43611 4.8541),4.8541,52.43611,POINT (118747.5435452315 494391.3934804074)
88,89,5107,4716,3791,0,4942,5140,4589,VRA01_0110,POINT(4.93225 52.31669),POINT(52.31669 4.93225),4.93225,52.31669,POINT (123978.4759651471 481068.0715869048)
89,90,1721,1985,1584,0,2902,0,2324,VRA01_0111,POINT(4.92165 52.32231),POINT(52.32231 4.92165),4.92165,52.32231,POINT (123259.7260141822 481697.9528410723)
90,91,0,0,0,0,0,0,1157,VRA01_0112,POINT(4.79317 52.24238),POINT(52.24238 4.79317),4.79317,52.24238,POINT (114427.5601511534 472868.9311780275)
91,92,0,0,0,0,0,0,43,VRA01_0113,POINT(4.82542 52.25373),POINT(52.25373 4.82542),4.82542,52.25373,POINT (116639.9808354548 474114.1805543104)
92,93,0,0,0,0,0,0,879,VRA01_0114,POINT(4.80597 52.49089),POINT(52.49089 4.80597),4.80597,52.49089,POINT (115523.5455650091 500511.6363595851)
93,94,0,0,0,0,0,0,1163,VRA01_0115,POINT(4.80584 52.4908),POINT(52.4908 4.80584),4.80584,52.4908,POINT (115514.6359239797 500501.693377522)
94,95,2539,2239,2134,0,2356,2623,2415,VRA01_0116,POINT(4.94043 52.32663),POINT(52.32663 4.94043),4.94043,52.32663,POINT (124543.0482487491 482170.5499748876)
95,96,1430,1456,686,0,70,4046,3182,VRA01_0117,POINT(4.848477 52.338673),POINT(52.338673 4.848477),4.848477,52.338673,POINT (118284.5704151631 483553.0835382271)
96,97,6031,7214,6355,0,7990,8404,7093,VRA01_0118,POINT(4.84613 52.33968),POINT(52.33968 4.84613),4.84613,52.33968,POINT (118125.4556719055 483666.3157036986)
97,98,3404,3846,2366,0,5137,4166,4001,VRA01_0119,POINT(4.84915 52.340594),POINT(52.340594 4.84915),4.84915,52.340594,POINT (118332.0227753064 483766.4771533508)
98,99,0,0,0,0,0,0,489,VRA01_0120,POINT(5.00765 52.62335),POINT(52.62335 5.00765),5.00765,52.62335,POINT (129298.4678738482 515159.3602392162)
99,100,0,0,0,0,0,0,828,VRA01_0121,POINT(4.92062 52.32565),POINT(52.32565 4.92062),4.92062,52.32565,POINT (123191.8956505056 482070.0199647362)
100,101,0,0,0,0,0,0,907,VRA01_0122,POINT(4.92082 52.32539),POINT(52.32539 4.92082),4.92082,52.32539,POINT (123205.343873235 482041.0040570037)
101,102,1267,1623,0,0,1175,1195,959,VRA01_0123,POINT(4.85614 52.42994),POINT(52.42994 4.85614),4.85614,52.42994,POINT (118881.2341532573 493703.8745725138)
102,103,0,0,0,0,0,0,394,VRA01_0124,POINT(4.82092 52.29228),POINT(52.29228 4.82092),4.82092,52.29228,POINT (116366.2073236822 478405.656074171)
103,104,1367,1472,0,0,1314,1185,1164,VRA01_0125,POINT(4.817054 52.2873),POINT(52.2873 4.817054),4.817054,52.2873,POINT (116098.1027951542 477853.6449274019)
104,105,0,0,0,0,0,0,750,VRA01_0126,POINT(4.80601 52.27491),POINT(52.27491 4.80601),4.80601,52.27491,POINT (115333.5219653385 476481.1113531895)
105,106,1296,1429,0,0,1277,1255,1124,VRA01_0127,POINT(4.79652 52.26166),POINT(52.26166 4.79652),4.79652,52.26166,POINT (114673.8317296916 475012.149421222)
106,107,0,0,0,0,0,0,597,VRA01_0128,POINT(4.80794 52.25801),POINT(52.25801 4.80794),4.80794,52.25801,POINT (115450.223231042 474599.7619023907)
107,108,1657,1889,0,1280,1913,1954,1865,VRA01_0129,POINT(4.82551 52.25306),POINT(52.25306 4.82551),4.82551,52.25306,POINT (116645.5488574084 474039.588779087)
108,109,989,1076,0,0,1118,1089,1064,VRA01_0130,POINT(4.6745 52.33619),POINT(52.33619 4.6745),4.6745,52.33619,POINT (106425.1775674111 483379.1791049297)
109,110,0,0,0,0,0,0,259,VRA01_0131,POINT(4.98624 52.32973),POINT(52.32973 4.98624),4.98624,52.32973,POINT (127667.8367515102 482497.2060708668)
110,111,1162,1346,984,0,1001,1118,933,VRA01_0132,POINT(5.01594 52.32606),POINT(52.32606 5.01594),5.01594,52.32606,POINT (129690.2661212185 482078.0893315059)
111,112,0,0,0,0,0,0,1336,VRA01_0133,POINT(4.91413 52.41923),POINT(52.41923 4.91413),4.91413,52.41923,POINT (122817.4275973889 492484.8988466972)
112,113,0,0,0,0,0,0,1301,VRA01_0134,POINT(4.90793 52.4209),POINT(52.4209 4.90793),4.90793,52.4209,POINT (122396.884059342 492673.4822540989)
113,114,0,0,0,0,0,0,899,VRA01_0135,POINT(4.89913 52.42427),POINT(52.42427 4.89913),4.89913,52.42427,POINT (121800.7878368114 493052.439263757)
114,115,0,0,0,0,0,644,0,VRA01_0136,POINT(4.965916 52.290444),POINT(52.290444 4.965916),4.965916,52.290444,POINT (126257.0422847016 478134.0165189265)
115,116,0,0,0,0,0,0,2734,VRA01_0137,POINT(4.7985 52.49085),POINT(52.49085 4.7985),4.7985,52.49085,POINT (115016.1677493167 500511.2844015406)
116,117,0,0,0,0,0,0,2908,VRA01_0138,POINT(4.79866 52.49082),POINT(52.49082 4.79866),4.79866,52.49082,POINT (115027.0073801312 500507.8581114601)
117,118,0,0,0,0,0,0,248,VRA01_0139,POINT(4.96005 52.5343),POINT(52.5343 4.96005),4.96005,52.5343,POINT (126016.7854148629 505268.8661896458)
118,119,447,627,0,0,460,0,401,VRA01_0140,POINT(4.92219 52.47689),POINT(52.47689 4.92219),4.92219,52.47689,POINT (123406.9179522221 498896.8900401452)
119,120,0,0,0,0,0,0,1194,VRA01_0141,POINT(4.82021 52.4526),POINT(52.4526 4.82021),4.82021,52.4526,POINT (116457.3320605913 496243.6388789388)
120,121,0,0,0,0,0,0,3282,VRA01_0142,POINT(4.82049 52.45245),POINT(52.45245 4.82049),4.82049,52.45245,POINT (116476.2347982831 496226.8002654884)
121,122,0,0,0,0,0,0,10851,VRA01_0143,POINT(4.86846 52.33778),POINT(52.33778 4.86846),4.86846,52.33778,POINT (119645.7277214686 483443.7926153846)
122,123,0,0,0,0,0,0,5634,VRA01_0144,POINT(4.86899 52.3378),POINT(52.3378 4.86899),4.86899,52.3378,POINT (119681.8645956849 483445.7594951678)
123,124,996,0,0,0,0,0,1198,VRA01_0145,POINT(5.05391 52.50486),POINT(52.50486 5.05391),5.05391,52.50486,POINT (132370.2385953408 501959.7039236112)
124,125,987,0,0,0,0,0,1330,VRA01_0146,POINT(5.05405 52.50498),POINT(52.50498 5.05405),5.05405,52.50498,POINT (132379.8055712435 501973.0122468217)
125,126,1025,1110,0,0,1683,1766,1775,VRA01_0147,POINT(4.82647 52.41255),POINT(52.41255 4.82647),4.82647,52.41255,POINT (116848.368955068 491784.2060399533)
126,127,0,0,0,0,0,0,942,VRA01_0148,POINT(4.95524 52.53568),POINT(52.53568 4.95524),4.95524,52.53568,POINT (125691.3373170743 505424.3516281615)
127,128,0,0,0,0,0,0,383,VRA01_0149,POINT(5.0153 52.6254),POINT(52.6254 5.0153),5.0153,52.6254,POINT (129817.6557685102 515384.7739311339)
128,129,0,0,0,0,0,1023,0,VRA01_0151,POINT(5.028826 52.455036),POINT(52.455036 5.028826),5.028826,52.455036,POINT (130639.6857901129 496424.0983310269)
129,130,281,319,0,0,322,0,0,VRA01_0152,POINT(4.950226 52.426969),POINT(52.426969 4.950226),4.950226,52.426969,POINT (125278.158035912 493330.5537350978)
130,131,0,0,0,589,0,794,0,VRA01_0154,POINT(5.16516 52.25302),POINT(52.25302 5.16516),5.16516,52.25302,POINT (139837.9535624096 473909.8448829522)
131,132,0,0,0,633,0,830,0,VRA01_0155,POINT(5.164806 52.252951),POINT(52.252951 5.164806),5.164806,52.252951,POINT (139813.7575444748 473902.2418396201)
132,133,0,0,0,0,0,253,0,VRA01_0156,POINT(5.020376 52.303399),POINT(52.303399 5.020376),5.020376,52.303399,POINT (129979.9187035951 479555.2283579805)
133,134,498,590,0,428,922,567,0,VRA01_0157,POINT(4.65329 52.27778),POINT(52.27778 4.65329),4.65329,52.27778,POINT (104913.8391074296 476894.9408390986)
134,135,669,655,0,0,374,0,0,VRA01_0158,POINT(4.653097 52.278191),POINT(52.278191 4.653097),4.653097,52.278191,POINT (104901.1310478926 476940.8015475762)
135,136,0,957,0,509,1050,1084,0,VRA01_0159,POINT(4.711021 52.318049),POINT(52.318049 4.711021),4.711021,52.318049,POINT (108895.4101684421 481336.955015573)
136,137,253,312,0,0,316,0,0,VRA01_0160,POINT(4.710584 52.318315),POINT(52.318315 4.710584),4.710584,52.318315,POINT (108865.8907853331 481366.8282693932)
137,138,909,0,0,0,0,1171,0,VRA01_0161,POINT(4.69465 52.38386),POINT(52.38386 4.69465),4.69465,52.38386,POINT (107849.1703635911 488669.6797939566)
138,139,0,0,0,0,3211,3235,0,VRA01_0162,POINT(4.643468 52.478107),POINT(52.478107 4.643468),4.643468,52.478107,POINT (104472.3253662648 499190.3366690871)
139,140,0,0,0,183,0,339,0,VRA01_0165,POINT(4.69458 52.44228),POINT(52.44228 4.69458),4.69458,52.44228,POINT (107906.5500161086 495169.6653989966)
140,141,0,0,0,0,2202,2127,0,VRA01_0166,POINT(4.64352 52.47883),POINT(52.47883 4.64352),4.64352,52.47883,POINT (104476.6842269412 499270.7437097204)
141,142,859,1131,0,0,1103,963,0,VRA01_0167,POINT(4.73788 52.502969),POINT(52.502969 4.73788),4.73788,52.502969,POINT (110911.1262752819 501894.89832393)
142,143,0,0,0,0,3664,3529,0,VRA01_0168,POINT(4.639103 52.444727),POINT(52.444727 4.639103),4.639103,52.444727,POINT (104137.418843721 495479.4397306059)
143,144,0,0,0,0,2648,2509,0,VRA01_0169,POINT(4.63927 52.44481),POINT(52.44481 4.63927),4.63927,52.44481,POINT (104148.8680684783 495488.5572460437)
144,145,2846,2063,2121,0,0,1430,0,VRA01_0170,POINT(4.869413 52.321829),POINT(52.321829 4.869413),4.869413,52.321829,POINT (119698.0006721883 481668.5891214756)
145,146,2734,2261,1998,0,0,2584,0,VRA01_0171,POINT(4.868915 52.321668),POINT(52.321668 4.868915),4.868915,52.321668,POINT (119663.9203313502 481650.9185972703)
146,147,1421,1662,0,0,1590,1683,3243,VRA01_0172,POINT(4.827014 52.426895),POINT(52.426895 4.827014),4.827014,52.426895,POINT (116897.7233363565 493379.9963955047)
147,148,3297,3651,2313,0,5129,4608,4419,VRA01_0173,POINT(4.849024 52.340624),POINT(52.340624 4.849024),4.849024,52.340624,POINT (118323.4608657752 483769.8787600373)
148,149,528,777,0,0,616,0,0,VRA01_0174,POINT(4.952465 52.423505),POINT(52.423505 4.952465),4.952465,52.423505,POINT (125428.1334109957 492944.2166996936)
149,150,1832,1916,0,0,1609,0,0,VRA01_0175,POINT(4.76671 52.35048),POINT(52.35048 4.76671),4.76671,52.35048,POINT (112723.3066597243 484911.3067943829)
150,151,342,348,275,0,288,0,0,VRA01_0176,POINT(5.01752 52.27027),POINT(52.27027 5.01752),5.01752,52.27027,POINT (129766.3324561045 475870.219297661)
151,152,0,0,0,0,1016,0,0,VRA01_0177,POINT(4.849837 52.400466),POINT(52.400466 4.849837),4.849837,52.400466,POINT (118428.2359014158 490427.6493727673)
152,153,646,635,0,0,502,0,0,VRA01_0178,POINT(4.855467 52.394792),POINT(52.394792 4.855467),4.855467,52.394792,POINT (118806.7605971262 489793.5143609158)
153,154,2037,1405,0,0,1660,0,0,VRA01_0179,POINT(4.860794 52.395719),POINT(52.395719 4.860794),4.860794,52.395719,POINT (119170.0930272747 489894.007986185)
154,155,669,849,0,0,471,0,0,VRA01_0180,POINT(4.84378 52.4018),POINT(52.4018 4.84378),4.84378,52.4018,POINT (118017.1315593546 490579.1491073229)
155,156,710,732,306,0,0,0,0,VRA01_0181,POINT(4.80215 52.32557),POINT(52.32557 4.80215),4.80215,52.32557,POINT (115115.5640368945 482119.6993831943)
156,157,1086,1351,568,0,0,0,0,VRA01_0182,POINT(4.81326 52.31315),POINT(52.31315 4.81326),4.81326,52.31315,POINT (115862.0057216601 480731.7799861067)
157,158,1118,1411,647,0,0,0,0,VRA01_0183,POINT(4.81458 52.31272),POINT(52.31272 4.81458),4.81458,52.31272,POINT (115951.6390417439 480683.2259185641)
158,159,1007,1234,0,0,0,0,0,VRA01_0184,POINT(4.80557 52.30478),POINT(52.30478 4.80557),4.80557,52.30478,POINT (115330.1512515524 479804.7049870168)
159,160,753,1025,0,0,0,0,0,VRA01_0185,POINT(4.77644 52.28215),POINT(52.28215 4.77644),4.77644,52.28215,POINT (113322.1873033449 477303.2206088761)
160,161,0,127,0,0,0,0,0,VRA01_0186,POINT(4.78434 52.28895),POINT(52.28895 4.78434),4.78434,52.28895,POINT (113867.5556040002 478055.2791792132)
161,162,775,392,0,0,0,0,0,VRA01_0187,POINT(4.854304 52.398619),POINT(52.398619 4.854304),4.854304,52.398619,POINT (118730.732477279 490219.9006094519)
162,163,264,187,0,0,0,0,0,VRA01_0188,POINT(4.80074 52.32824),POINT(52.32824 4.80074),4.80074,52.32824,POINT (115021.8460564659 482417.5437920764)
163,164,1542,0,0,0,0,0,0,VRA01_0189,POINT(4.65597 52.40381),POINT(52.40381 4.65597),4.65597,52.40381,POINT (105238.2027754514 490915.217462596)
164,165,74,0,0,0,0,0,0,VRA01_0190,POINT(5.0393 52.48822),POINT(52.48822 5.0393),5.0393,52.48822,POINT (131369.3724395882 500112.8882209295)
165,166,225,0,0,0,0,0,0,VRA01_0191,POINT(5.03985 52.50329),POINT(52.50329 5.03985),5.03985,52.50329,POINT (131414.7720522315 501789.5008112739)
166,167,378,0,0,0,0,0,0,VRA01_0193,POINT(5.03841 52.50241),POINT(52.50241 5.03841),5.03841,52.50241,POINT (131316.5256609505 501692.0557584759)
167,168,508,0,0,0,0,0,0,VRA01_0194,POINT(5.04009 52.50372),POINT(52.50372 5.04009),5.04009,52.50372,POINT (131431.2971817654 501837.2675169907)
168,169,187,0,0,0,0,0,0,VRA01_0195,POINT(4.80736 52.31501),POINT(52.31501 4.80736),4.80736,52.31501,POINT (115461.3382233451 480941.9271073148)
169,170,1358,0,0,0,0,0,0,VRA01_0196,POINT(5.05621 52.4986),POINT(52.4986 5.05621),5.05621,52.4986,POINT (132523.2177770836 501262.4555815369)
